<?xml version="1.0" encoding="UTF-8" standalone="yes"?>
<addon id="plugin.niv.redheadsound" name="RedHeadSound" version="0.2.4" provider-name="NIV">
  <extension point="xbmc.python.pluginsource" library="addon.py">
    <provides>video</provides>
  </extension>
  <requires>
    <import addon="script.module.requests"/>
  </requires>
  <extension point="xbmc.addon.metadata">
    <summary lang="en">Red Head Sound</summary>
    <summary lang="ru">Red Head Sound</summary>
    <description lang="en">Red Head Sound - voice acting for those who do not agree to less</description>
    <description lang="ru">Red Head Sound - озвучка для тех, кто не согласен на меньшее</description>
    <disclaimer lang="en">The author of the plugin is not responsible for the content on the sites</disclaimer>
    <disclaimer lang="ru">Автор плагина не несет ответственность за содержимое на сайтах</disclaimer>
    <assets>
        <icon>resources/media/icon.png</icon>
    </assets>
  </extension>
</addon>