<?xml version="1.0" encoding="UTF-8" standalone="yes"?>
<addon id="repository.niv" name="NIV82 repository" version="1.0.9" provider-name="NIV">
	<extension point="xbmc.addon.repository" name="NIV82 repository">
		<dir>
			<info compressed="false">https://raw.githubusercontent.com/NIV82/kodi_repo/main/packages/addons.xml</info>
			<checksum>https://raw.githubusercontent.com/NIV82/kodi_repo/main/packages/addons.xml.md5</checksum>
			<datadir zip="true">https://github.com/NIV82/kodi_repo/raw/main/packages/</datadir>
		</dir>
		<dir>
			<info compressed="false">https://raw.githubusercontent.com/NIV82/kodi_repo/main/release/addons.xml</info>
			<checksum>https://raw.githubusercontent.com/NIV82/kodi_repo/main/release/addons.xml.md5</checksum>
			<datadir zip="true">https://github.com/NIV82/kodi_repo/raw/main/release/</datadir>
		</dir>
	</extension>
	<extension point="xbmc.addon.metadata">
		<platform>all</platform>
		<assets>
			<icon>icon.png</icon>
		</assets>
	</extension>
</addon>