<?xml version="1.0" encoding="UTF-8" standalone="yes"?>
<addon id="plugin.niv.animeportal" name="Anime Portal" version="0.3.1" provider-name="NIV">
  <extension point="xbmc.python.pluginsource" library="animeportal.py">
    <provides>video</provides>
  </extension>
  <requires>
    <import addon="xbmc.python" version="3.0.0" />
    <import addon="script.module.torrent2http" optional="true"/>
  </requires>
  <extension point="xbmc.addon.metadata">
    <summary lang="en_US">Anime Portal</summary>
    <summary lang="ru">Anime Portal</summary>
    <description lang="en_US">AnimePortal provides access to various anime resources</description>
    <description lang="ru">AnimePortal предоставляет доступ к различным аниме ресурсам</description>
    <disclaimer lang="en_US">The author of the plugin is not responsible for the content on the sites</disclaimer>
    <disclaimer lang="ru">Автор плагина не несет ответственность за содержимое на сайтах</disclaimer>
    <assets>
        <icon>resources/media/icon.png</icon>
        <fanart>resources/media/fanart.jpg</fanart>
    </assets>
  </extension>
</addon>