<?xml version="1.0" encoding="UTF-8" standalone="yes"?>
<addon id="plugin.niv.anidub" name="AniDUB" version="0.0.1" provider-name="NIV">
  <extension point="xbmc.python.pluginsource" library="addon.py">
    <provides>video</provides>
  </extension>
  <!-- <requires>
    <import addon="xbmc.python" version="2.26.0" />
    <import addon="xbmc.python" version="3.0.0" />
  </requires> -->
  <extension point="xbmc.addon.metadata">
    <summary lang="en_US">AniDUB</summary>
    <summary lang="ru">AniDUB</summary>
    <description lang="en_US">AniDUB is a resource where content is created, not "borrowed"...</description>
    <description lang="ru">AniDUB это Ресурс, на котором контент создаётся, а не "заимствуется"...</description>
    <disclaimer lang="en_US">The author of the plugin is not responsible for the content on the site</disclaimer>
    <disclaimer lang="ru">Автор плагина не несет ответственность за содержимое на сайте</disclaimer>
    <assets>
      <icon>resources/media/icon.png</icon>
    </assets>
  </extension>
</addon>