<?xml version="1.0" encoding="UTF-8" standalone="yes"?>
<addon id="plugin.niv.anilibria" name="Anilibria" version="1.0.4" provider-name="NIV">
  <extension point="xbmc.python.pluginsource" library="anilibria.py">
    <provides>video</provides>
  </extension>
  <extension point="xbmc.addon.metadata">
    <summary lang="en_US">Anilibria</summary>
    <summary lang="ru">Anilibria</summary>
    <description lang="en_US">The plug-in to view the anime from the site anilibria.tv</description>
    <description lang="ru">Плагин для просмотра аниме с сайта anilibria.tv</description>
    <disclaimer lang="en_US">The author of the plugin is not responsible for the content on the site</disclaimer>
    <disclaimer lang="ru">Автор плагина не несет ответственность за содержимое на сайте</disclaimer>
    <assets>
        <icon>resources/media/icon.jpg</icon>
    </assets>
  </extension>
</addon>