<?xml version="1.0" encoding="UTF-8" standalone="yes"?>
<addon id="plugin.niv.anistar" name="AniStar" version="1.1.0" provider-name="NIV">
  <extension point="xbmc.python.pluginsource" library="anistar.py">
    <provides>video</provides>
  </extension>
  <!-- <requires>
    <import addon="xbmc.python" version="3.0.0" />
    <import addon="xbmc.python" version="2.26.0" />
  </requires> -->
  <extension point="xbmc.addon.metadata">
    <summary lang="en_US">AniStar</summary>
    <summary lang="ru">AniStar</summary>
    <description lang="en_US">AniStar is a creative association engaged in voicing anime and doramas, as well as translating manga...©</description>
    <description lang="ru">AniStar - творческое объединение, занимающееся озвучиванием аниме и дорам, а также переводом манги...©</description>
    <disclaimer lang="en_US">The author of the plugin is not responsible for the content on the site</disclaimer>
    <disclaimer lang="ru">Автор плагина не несет ответственность за содержимое на сайте</disclaimer>
    <assets>
        <icon>resources/media/icon.jpg</icon>
    </assets>
  </extension>
</addon>