<?xml version="1.0" encoding="UTF-8" standalone="yes"?>
<addon id="plugin.niv.lostfilm" name="LostFilm" version="1.0.4" provider-name="NIV">
  <extension point="xbmc.python.pluginsource" library="addon.py">
    <provides>video</provides>
  </extension>
  <requires>
    <import addon="xbmc.python" version="3.1.0" />
  </requires>
  <extension point="xbmc.addon.metadata">
    <summary lang="en">LostFilm</summary>
    <summary lang="ru">LostFilm</summary>
    <description lang="en">Is a unique and one-of-a-kind resource about the best West-TV series</description>
    <description lang="ru">Уникальный и единственный в своем роде ресурс о лучших западных сериалах</description>
    <disclaimer lang="en">The author of the plugin is not responsible for the content on the sites</disclaimer>
    <disclaimer lang="ru">Автор плагина не несет ответственность за содержимое на сайтах</disclaimer>
    <assets>
        <icon>resources/media/icon.png</icon>
    </assets>
  </extension>
</addon>