<?xml version="1.0" encoding="UTF-8" standalone="yes"?>
<addon id="plugin.niv.shiza" name="SHIZA Project" version="1.1.0" provider-name="NIV">
  <extension point="xbmc.python.pluginsource" library="shiza.py">
    <provides>video</provides>
  </extension>
  <!-- <requires>
    <import addon="xbmc.python" version="3.0.0" />
    <import addon="xbmc.python" version="2.26.0" />
  </requires> -->
  <extension point="xbmc.addon.metadata">
    <summary lang="en_US">SHIZA Project</summary>
    <summary lang="ru">SHIZA Project</summary>
    <description lang="en_US">A crazy team engaged in the adaptation of foreign animation for the Russian-speaking public ... ©</description>
    <description lang="ru">Безумный коллектив, занимающийся адаптацией зарубежной анимации для русскоязычной публики...©</description>
    <disclaimer lang="en_US">The author of the plugin is not responsible for the content on the site</disclaimer>
    <disclaimer lang="ru">Автор плагина не несет ответственность за содержимое на сайте</disclaimer>
    <assets>
        <icon>resources/media/icon.jpg</icon>
    </assets>
  </extension>
</addon>