<?xml version="1.0" encoding="UTF-8" standalone="yes"?>
<addon id="plugin.niv.shiza" name="SHIZA Project" version="1.0.1" provider-name="NIV">
  <extension point="xbmc.python.pluginsource" library="shiza.py">
    <provides>video</provides>
  </extension>
  <requires>
    <import addon="xbmc.python" version="2.26.0" />
  </requires>
  <extension point="xbmc.addon.metadata">
    <summary lang="en_US">SHIZA Project</summary>
    <summary lang="ru">SHIZA Project</summary>
    <description lang="en_US">The plug-in to view the anime from the site shiza-project.com</description>
    <description lang="ru">Плагин для просмотра аниме с сайта shiza-project.com</description>
    <disclaimer lang="en_US">The author of the plugin is not responsible for the content on the site</disclaimer>
    <disclaimer lang="ru">Автор плагина не несет ответственность за содержимое на сайте</disclaimer>
    <assets>
        <icon>resources/media/icon.jpg</icon>
    </assets>
  </extension>
</addon>