<?xml version="1.0" encoding="UTF-8" standalone="yes"?>
<addon id="plugin.niv.anidub" name="AniDUB" version="1.0.2" provider-name="NIV">
  <extension point="xbmc.python.pluginsource" library="anidub.py">
    <provides>video</provides>
  </extension>
  <requires>
    <import addon="xbmc.python" version="3.0.0" />
  </requires>
  <extension point="xbmc.addon.metadata">
    <summary lang="en_US">AniDUB</summary>
    <summary lang="ru">AniDUB</summary>
    <description lang="en_US">The plug-in to view the anime from the site tr.anidub.com</description>
    <description lang="ru">Плагин для просмотра аниме с сайта tr.anidub.com</description>
    <disclaimer lang="en_US">The author of the plugin is not responsible for the content on the site</disclaimer>
    <disclaimer lang="ru">Автор плагина не несет ответственность за содержимое на сайте</disclaimer>
    <assets>
        <icon>resources/media/icon.jpg</icon>
    </assets>
  </extension>
</addon>