<?xml version="1.0" encoding="UTF-8" standalone="yes"?>
<addon id="plugin.niv.anilibria" name="Anilibria" version="0.1.1" provider-name="NIV">
  <extension point="xbmc.python.pluginsource" library="addon.py">
    <provides>video</provides>
  </extension>
  <extension point="xbmc.addon.metadata">
    <summary lang="en_US">Anilibria</summary>
    <summary lang="ru">Anilibria</summary>
    <description lang="en_US">AniLibria is a non-profit project for dubbing and adapting foreign TV series, cartoons and anime... ©</description>
    <description lang="ru">AniLibria - некоммерческий проект по озвучиванию и адаптации зарубежных сериалов, мультфильмов и аниме...©</description>
    <disclaimer lang="en_US">The author of the plugin is not responsible for the content on the site</disclaimer>
    <disclaimer lang="ru">Автор плагина не несет ответственность за содержимое на сайте</disclaimer>
    <assets>
        <icon>resources/media/icon.jpg</icon>
    </assets>
  </extension>
</addon>