<?xml version="1.0" encoding="UTF-8" standalone="yes"?>
<addon id="plugin.niv.anilibria" name="AniLiberty" version="2.0.10" provider-name="NIV">
  <requires>
    <import addon="xbmc.python" version="3.0.0"/>
  </requires>
	<extension point="xbmc.python.pluginsource" library="addon.py">
		<provides>video</provides>
	</extension>
	<extension point="xbmc.addon.metadata">
		<summary lang="en_US">AniLiberty</summary>
		<summary lang="ru">AniLiberty</summary>
		<description lang="en_US">AniLiberty is a non-profit project for dubbing and adapting foreign TV series, cartoons and anime... ©</description>
		<description lang="ru">AniLiberty - некоммерческий проект по озвучиванию и адаптации зарубежных сериалов, мультфильмов и аниме...©</description>
		<disclaimer lang="en_US">The author of the plugin is not responsible for the content on the site</disclaimer>
		<disclaimer lang="ru">Автор плагина не несет ответственность за содержимое на сайте</disclaimer>
		<assets>
			<icon>resources/media/icon.png</icon>
			<fanart>resources/media/fanart.jpg</fanart>
		</assets>
	</extension>
</addon>