<?xml version="1.0" encoding="UTF-8" standalone="yes"?>
<addon id="plugin.niv.animeportal" name="Anime Portal" version="0.9.91" provider-name="NIV">
  <extension point="xbmc.python.pluginsource" library="animeportal.py">
    <provides>video</provides>
  </extension>
  <!-- <requires> -->
  <requires>
    <import addon="script.module.requests"/>
  </requires>
  <extension point="xbmc.addon.metadata">
    <summary lang="en">Anime Portal</summary>
    <summary lang="ru">Anime Portal</summary>
    <description lang="en">AnimePortal provides access to - AniDub, Anilibria, Animedia, AniStar, ShizaProject</description>
    <description lang="ru">AnimePortal предоставляет доступ к - AniDub, Anilibria, Animedia, AniStar, ShizaProject</description>
    <disclaimer lang="en">The author of the plugin is not responsible for the content on the sites</disclaimer>
    <disclaimer lang="ru">Автор плагина не несет ответственность за содержимое на сайтах</disclaimer>
    <assets>
        <icon>resources/media/icon.png</icon>
        <fanart>resources/media/fanart.jpg</fanart>
    </assets>
  </extension>
</addon>