<?xml version="1.0" encoding="UTF-8" standalone="yes"?>
<addon id="plugin.niv.animedia" name="Animedia" version="1.1.0" provider-name="NIV">
  <extension point="xbmc.python.pluginsource" library="animedia.py">
    <provides>video</provides>
  </extension>
  <!-- <requires>
    <import addon="xbmc.python" version="3.0.0" />
    <import addon="xbmc.python" version="2.26.0" />
  </requires> -->
  <extension point="xbmc.addon.metadata">
    <summary lang="en_US">Animedia</summary>
    <summary lang="ru">Animedia</summary>
    <description lang="en_US">Our project is engaged in the dubbing and adaptation of foreign animation into Russian, on our website you can find a lot of new products and not only! ©</description>
    <description lang="ru">Наш проект занимается озвучиванием и адаптацией иностранной мультипликации на русский язык, у нас на сайте вы можете найти море новинок и не только! ©</description>
    <disclaimer lang="en_US">The author of the plugin is not responsible for the content on the site</disclaimer>
    <disclaimer lang="ru">Автор плагина не несет ответственность за содержимое на сайте</disclaimer>
    <assets>
        <icon>resources/media/icon.jpg</icon>
    </assets>
  </extension>
</addon>