<?xml version="1.0" encoding="UTF-8" standalone="yes"?>
<addon id="plugin.niv.shizaproject" name="SHIZA PROJECT" version="1.0.1" provider-name="NIV">
	<extension point="xbmc.python.pluginsource" library="addon.py">
		<provides>video</provides>
	</extension>
	<requires>
		<import addon="script.module.torrent2http" optional="true"/>
	</requires>
	<extension point="xbmc.addon.metadata">
		<summary lang="en_US">SHIZA Project</summary>
		<summary lang="ru">SHIZA Project</summary>
		<description lang="en_US">SHIZA Project - is an insane collective engaged in the adaptation of foreign animation for the Russian–speaking public for informational purposes...©</description>
		<description lang="ru">SHIZA Project – Безумный колектив, занимающийся адаптацией зарубежной анимации для русскоязычной публики в ознакомительных целях...©</description>
		<disclaimer lang="en_US">The author of the plugin is not responsible for the content on the site</disclaimer>
		<disclaimer lang="ru">Автор плагина не несет ответственность за содержимое на сайте</disclaimer>
		<assets>
			<icon>resources/media/icon.png</icon>
			<fanart>resources/media/fanart.jpg</fanart>
		</assets>
	</extension>
</addon>